,Affirmation,Tag
0,I AM SUPERNATURALLY BEAUTIFUL.,CONFIDENT
1,I GLOW WITH SUPERNATURAL BEAUTY.,CONFIDENT
2,I RADIATE SUPERNATURAL BEAUTY FROM WITHIN.,CONFIDENT
3,I AM SUPERNATURALLY PERFECT IN EVERY WAY.,CONFIDENT
4,I AM SUPERNATURALLY FLAWLESS IN EVERY WAY.,CONFIDENT
5,MY PRESENCE IS SUPERNATURALLY POWERFUL.,CONFIDENT
6,I AM SUPERNATURALLY BEAUTIFUL INSIDE OUT.,CONFIDENT
7,MY BEAUTY RADIATES VIBRANTLY FROM WITHIN.,CONFIDENT
8,I AM GLOWING WITH INNER AND OUTER BEAUTY.,CONFIDENT
9, ALL DESIRED AND BENEFICIAL CHANGES IN MYSELF ARE PERMANENT.,CONFIDENT
10, I RAPIDLY MAKE THESE AFFIRMATIONS MY REALITY.,CONFIDENT
11, I NOW ACCEPT THESE AFFIRMATIONS AS MY TRUTH.,CONFIDENT
12, I LET GO OF ALL NEGATIVE THOUGHTS AND BELIEFS I HAVE ABOUT MYSELF.,CONFIDENT
13, I HEAL MY MENTALITY AND INNER SELF MORE AND MORE EVERY DAY,CONFIDENT
14, I AM MANIFESTING MY IDEAL FACE AND BODY NOW.,CONFIDENT
15, I AM MANIFESTING MY DESIRED FACIAL AND BODY FEATURES NOW.,CONFIDENT
16," I RADIATE POSITIVE, GOOD VIBES TO EVERYONE AROUND ME.",CONFIDENT
17, I LOVE AND ACCEPT MYSELF NOW.,CONFIDENT
18, I LOVE AND ACCEPT MYSELF UNCONDITIONALLY.,CONFIDENT
19, I AM EXTREMELY CONFIDENT AND STRONG.,CONFIDENT
20, I LOVE AND ACCEPT MYSELF EXACTLY AS I AM NOW.,CONFIDENT
21, I AM HAPPY AND FREE.,CONFIDENT
22, I EXPRESS MYSELF FREELY AND EASILY.,CONFIDENT
23, I AM EXTREMELY GREAT TO BE AROUND.,CONFIDENT
24, I AM EXTREMELY FUN TO BE AROUND.,CONFIDENT
25, I AM ADMIRED AND LOVED BY EVERYONE.,CONFIDENT
26, EVERYONE LOVES BEING AROUND ME.,CONFIDENT
27, EVERYONE LOVES BEING WITH ME.,CONFIDENT
28, I EASILY MAKE NEW FRIENDS AND TALK TO NEW PEOPLE.,CONFIDENT
29, I INSTANTLY MAKE EVERYONE AROUND ME FEEL AMAZING.,CONFIDENT
30, I INSTANTLY MAKE EVERYONE AROUND ME HAPPY.,CONFIDENT
31, I AM FREE SPIRITED AND POSITIVE.,CONFIDENT
32," EVERYONE CAN SENSE MY UNIQUE, AMAZING, VIBRANT ENERGY.",CONFIDENT
33," I GLOW WITH HAPPINESS, LOVE AND GRATITUDE.",CONFIDENT
34," I SPREAD LOVE, HAPPINESS AND GRATITUDE EVERYWHERE I GO.",CONFIDENT
35, I AM AN AMAZING PERSON.,CONFIDENT
36, I AM AN EXTREMELY BEAUTIFUL INDIVIDUAL.,CONFIDENT
37, I AM AN EXTREMELY UNIQUE INDIVIDUAL.,CONFIDENT
38, I AM SO GRATEFUL FOR EVERYTHING IN MY LIFE.,CONFIDENT
39, I AM SO GRATEFUL FOR MYSELF AND THE EXPERIENCES I ATTRACT.,CONFIDENT
40," MY LIFE IS FILLED WITH HAPPINESS, LOVE AND AMAZING EXPERIENCES.",CONFIDENT
41," I HAVE AN AMAZING, BEAUTIFUL PERSONALITY.",CONFIDENT
42," I HAVE A FUN, SPONTANEOUS PERSONALITY.",CONFIDENT
43," I AM A LOVING, CARING, KIND INDIVIDUAL.",CONFIDENT
44," I HAVE A UNIQUE, WONDERFUL PERSONALITY.",CONFIDENT
45, I AM EXTREMELY FRIENDLY AND NICE TO EVERYONE.,CONFIDENT
46, I AM UNFORGETTABLE.,CONFIDENT
47," EVERYONE’S MOOD INSTANTLY CHANGES TO AN AMAZING MOOD WHEN THEY ARE AROUND
ME.",CONFIDENT
48, I AM RESPECTED AND ADMIRED BY EVERYONE.,CONFIDENT
49, I AM EXTREMELY SPECIAL.,CONFIDENT
50, EVERYONE FEELS LUCKY TO KNOW ME.,CONFIDENT
51, I AM ONE OF A KIND.,CONFIDENT
52, I AM CONFIDENT IN MYSELF AND EVERYTHING I DO.,CONFIDENT
53, I AM HUMBLE AND DOWN TO EARTH.,CONFIDENT
54, I NOW ATTRACT EXPERIENCES THAT REFLECT THESE AFFIRMATIONS.,CONFIDENT
55, EVERYONE IS EQUAL AND BEAUTIFUL IN MY EYES.,CONFIDENT
56, I SEE THE GOOD AND LOVE IN EVERY INDIVIDUAL THAT CROSSES MY PATH.,CONFIDENT
57, I TOUCH EVERY INDIVIDUAL THAT CROSSES MY PATH IN THE MOST POSITIVE WAY.,CONFIDENT
58, I INSPIRE OTHERS JUST BY BEING MYSELF.,CONFIDENT
59, I AM AN AMAZING INFLUENCE ON EVERYONE THAT KNOWS ME.,CONFIDENT
60, I MAKE EVERYONE FEEL AT EASE AND COMFORTABLE AROUND ME.,CONFIDENT
61, EVERYBODY FEELS COMFORTABLE BEING THEMSELVES AROUND ME.,CONFIDENT
62," I AM HELPFUL, SUPPORTIVE AND UNDERSTANDING.",CONFIDENT
63, I AM FREE SPIRITED AND OPEN MINDED.,CONFIDENT
64, I AM A NATURAL LEADER.,CONFIDENT
65, I AM OPEN MINDED AND WISE.,CONFIDENT
66, I AM EXTREMELY FUNNY.,CONFIDENT
67, I AM GOOFY AND SPONTANEOUS.,CONFIDENT
68, I AM AN AMAZING CONVERSATIONALIST.,CONFIDENT
69, PEOPLE CRAVE MY FRIENDSHIP AND ATTENTION.,CONFIDENT
70, I AM PERFECTION.,CONFIDENT
71, I AM LOVE.,CONFIDENT
72, I AM BEAUTY.,CONFIDENT
73, I AM HAPPINESS,CONFIDENT
74,"THE PEACE INSIDE OF MY HEART IS THE PEACE THAT IS DEEPER THAN ALL
UNDERSTANDING",GRATEFUL
75,"LIKE THE DEPTHS OF THE OCEAN, MY MIND IS CALM AND PEACEFUL AT EACH MOMENT",GRATEFUL
76,I EXPERIENCE GRATITUDE FOR EVERYTHING I HAVE IN MY LIFE,GRATEFUL
77,I ALWAYS RECEIVE EXACTLY WHAT I ASK FOR AND APPRECIATE THAT,GRATEFUL
78,"I AM GRATEFUL FOR EXCELLENT HEALTH, PROSPERITY AND TRUE LOVE",GRATEFUL
79,MY LIFE IS FILLED WITH AN ABUNDANCE OF GOODNESS,GRATEFUL
80,GRATITUDE BRINGS ME INTO A HARMONIOUS RELATIONSHIP WITH EVERYONE.,GRATEFUL
81,"HAPPINESS EXPANDS WITHIN ME, IT LIGHTENS MY LIFE AND TOUCHES EVERYONE I
MEET",GRATEFUL
82,JOY FLOODS MY THOUGHTS AND MY LIFE,GRATEFUL
83, I RELEASE ALL NEGATIVITY AND HOLD JOY IN MY HEART,GRATEFUL
84, I AM OVERCOME WITH GRATITUDE FOR THE BLISS THAT FILLS MY LIFE.,GRATEFUL
85, I ACCEPT THE GOOD THAT IS FLOWING INTO MY LIFE,GRATEFUL
86, I DISPLAY A NATURAL SENSE OF WONDER,GRATEFUL
87, MY WHOLE WORLD IS VIEWED THROUGH THE EYES OF WONDER AND EXCITEMENT.,GRATEFUL
88," I VIEW LIFE THROUGH INNOCENCE, PURITY AND CURIOSITY",GRATEFUL
89, EVERYTHING IS MYSTERIOUS AND ABSOLUTELY INCREDIBLE,GRATEFUL
90," I AM LEARNING TO TRUST AGAIN, I LET GO AND LET GOD",GRATEFUL
91, I AM WORTHY TO RECEIVE THE UNLIMITED OFFERINGS OF THE UNIVERSE,GRATEFUL
92, I AFFIRM ONLY THE BEST FOR MYSELF AND OTHERS,GRATEFUL
93," GOD’S WISDOM ILLUMINES ME, CASTING LIGHT ON MY PATH",GRATEFUL
94, I AM SO GRATEFUL FOR SUPPORTIVE FRIENDS AND A LOVING FAMILY,GRATEFUL
95, I APPRECIATE EVERYTHING I HAVE IN MY LIFE,GRATEFUL
96, I AM ALWAYS OPEN TO RECEIVE MORE BLESSINGS,GRATEFUL
97, I SEE THE BEAUTY IN NATURE THAT SURROUNDS ME,GRATEFUL
98, I GIVE THANKS FOR THE HELPFUL PEOPLE THAT GUIDE ME IN THIS LIFE JOURNEY,GRATEFUL
99, I AM FILLED WITH A CALM THAT COMES FROM GOD,GRATEFUL
100, I AM GRACED WITH GOD’S CREATIVE ENERGY.,GRATEFUL
101, I OPENLY EXPRESS THE TRUE NATURE OF THE DIVINE.,GRATEFUL
102, I AM CREATIVELY EXPRESSING MY HIGHEST POTENTIAL.,GRATEFUL
103," I CAN RELAX AND LET GOD DO ALL OF THE WORK, I FLOW WITH LIFE",GRATEFUL
104," I AM A POWERFUL BODY, A POWERFUL MIND, AND A POWERFUL SOUL",GRATEFUL
105, I AM ACCEPTED AND LOVED BY EVERYONE I MEET,GRATEFUL
106, I LET THE PHYSICS OF UNWAVERING FAITH DO THE MARVELOUS WORK FOR ME,GRATEFUL
107, THE DIVINE BREATH FLOWS THROUGH ME AND BLESSES ME,GRATEFUL
108, I AM A CHANNEL FOR LOVE AND HEALING,GRATEFUL
109," I AFFIRM DIVINE ORDER, AND ALL PARTS OF MY LIFE FALL INTO PLACE",GRATEFUL
110, EVERYTHING I NEED COMES TO ME,GRATEFUL
111," ALL IS WELL IN MY LIFE, I AM TRULY BLESSED",GRATEFUL
112, ALL THINGS ARE WORKING TOGETHER FOR GOOD IN MY LIFE,GRATEFUL
113, I DWELL IN THE PRESENCE OF GOD’S ETERNAL LOVE,GRATEFUL
114, ALL THAT MY HEART DESIRES WILL COME TO PASS,GRATEFUL
115," WHEN I PUT MY SPIRITUAL DEVELOPMENT FIRST, ALL OF MY OTHER NEEDS ARE
FULFILLED",GRATEFUL
116, HIGHER WISDOM EXPRESSES ITSELF DAILY IN ALL ASPECTS OF MY LIFE,GRATEFUL
117, LIFE IS UNFOLDING PERFECTLY,GRATEFUL
118, LIFE HAS GREAT THINGS IN STORE FOR ME,GRATEFUL
119, I GIVE THANKS AND PRAISE FOR ALL THINGS,GRATEFUL
120, I WELCOME POSITIVE CHANGE INTO MY LIFE,GRATEFUL
121, I LEARN FROM EVERY SITUATION I ENCOUNTER,GRATEFUL
122, I AM CONTINUALLY ALIGNED WITH MY HIGHER PURPOSE,GRATEFUL
123," AT EVERY TURN, GOOD FORTUNE APPEARS BEFORE ME",GRATEFUL
124, MY FAITH IS MAKING ME WHOLE,GRATEFUL
125, MY ENVIRONMENT IS PEACEFUL AND SERENE,GRATEFUL
126, JOY IS IN MY HEART AND IN MY LIFE.,GRATEFUL
127, I PROJECT JOY TO EVERYONE I INTERACT WITH,GRATEFUL
128, I LIVE IN A NATURAL STATE OF JOYFULNESS,GRATEFUL
129, I CLEARLY SEE JOY IN MY SURROUNDINGS,GRATEFUL
130, JOY IS ABUNDANT ALL AROUND ME,GRATEFUL
131, JOY BUILDS WITHIN MY SOUL AND BURSTS INTO MY LIFE IN UNEXPECTED WAYS,GRATEFUL
132, I JOYFULLY HONOR THE FLOW OF LIFE,GRATEFUL
133, DIVINE LOVE WASHES OVER ME AND DELIVERS ME TO BLISSFUL PLACES,GRATEFUL
134, JOY IS MINE RIGHT HERE RIGHT NOW.,GRATEFUL
135, THROUGH GRATITUDE MY WORLD EXPANDS,GRATEFUL
136, I ACKNOWLEDGE THE BLESSINGS I HAVE RECEIVED IN MY LIFE WITH GRATITUDE,GRATEFUL
137, I GIVE THANKS CONTINUALLY AS I MOVE THROUGH EACH DAY,GRATEFUL
138,I AM WORTHY AND OPEN TO RECEIVE BLESSINGS,SPIRITUAL
139,MY LIFE IS A BLESSING TO OTHERS,SPIRITUAL
140,MY DAYS ARE FILLED WITH BLESSINGS,SPIRITUAL
141,I BLESS EVERYONE I MEET TODAY,SPIRITUAL
142,I FEEL BLESSED TODAY,SPIRITUAL
143,I TRUST MY LIFE IS DIVINELY GUIDED,SPIRITUAL
144,I TRUST THE OUTCOMES IN MY LIFE ARE FOR THE BEST,SPIRITUAL
145,I TRUST THAT ALL THAT I NEED COMES TO ME WHEN NEEDED,SPIRITUAL
146,I FEEL SAFE TRUSTING GOD IN MY LIFE,SPIRITUAL
147, I TRUST I AM EXACTLY WHERE I AM SUPPOSED TO BE NOW,SPIRITUAL
148, I CAN TRUST LIFE,SPIRITUAL
149, I AM IN HARMONY WITH DIVINE GUIDANCE,SPIRITUAL
150, I AUTOMATICALLY LIVE IN TRUST,SPIRITUAL
151, I TRUST THAT EVERYTHING WORKS FOR THE HIGHEST GOOD,SPIRITUAL
152, I CHOOSE LOVE AS MY RESPONSE TO OTHERS,SPIRITUAL
153, I THINK LOVING THOUGHTS ABOUT EVERYONE,SPIRITUAL
154, I FEEL DIVINE LOVE IN MY HEART,SPIRITUAL
155, I MAKE CHOICES THAT ARE DEEPLY LOVING,SPIRITUAL
156, THE LOVE IN MY HEART EXPANDS AND GROWS DAILY,SPIRITUAL
157, MY INTENTIONS ARE ALWAYS LOVING AND KIND,SPIRITUAL
158, I FEEL DEEP LOVE IN MY CORE,SPIRITUAL
159, I LIVE IN AN OCEAN OF DIVINE LOVE,SPIRITUAL
160, MY LOVE IS UNCONDITIONAL,SPIRITUAL
161, I AM AN EXPRESSION OF DIVINE LOVE,SPIRITUAL
162, I LOVE THE DIVINE SPIRIT WITHIN ME,SPIRITUAL
163, POSITIVE HEALING ENERGY FLOWS EASILY THROUGH ME,SPIRITUAL
164, I AM OPEN TO RECEIVING DIVINE HEALING,SPIRITUAL
165, I TAKE GOOD CARE OF MYSELF,SPIRITUAL
166, I FEEL DIVINE HEALING,SPIRITUAL
167, MY BODY IS A HOLY TEMPLE,SPIRITUAL
168, I AM WELL TAKEN CARE OF BY GOD,SPIRITUAL
169, I RECEIVE THE HEALING PRESENCE OF GOD,SPIRITUAL
170, I AM OPEN TO RECEIVE ABUNDANT GIFTS FROM GOD,SPIRITUAL
171, I AM OPEN TO ALL POSSIBILITIES FOR ABUNDANCE,SPIRITUAL
172, I ACCEPT THE ABUNDANCE THE UNIVERSE GIVES ME,SPIRITUAL
173, I AM OPEN TO RECEIVE SOMETHING WONDERFUL TODAY,SPIRITUAL
174, I RECEIVE PROSPERITY WITHOUT LIMITS,SPIRITUAL
175, I FEEL PROSPEROUS,SPIRITUAL
176, I AM A SOURCE OF ABUNDANCE,SPIRITUAL
177, GOD'S ABUNDANCE MANIFESTS THROUGH ME,SPIRITUAL
178, I THANK GOD FOR WHAT I HAVE,SPIRITUAL
179, I AM A GRATEFUL PERSON,SPIRITUAL
180, I AM AT PEACE WITH ALL I HAVE BEEN GIVEN,SPIRITUAL
181, I AM THANKFUL FOR MY HEALING AND HEALTH,SPIRITUAL
182, I THANK GOD FOR WHAT IS REVEALED TO ME,SPIRITUAL
183, I ACKNOWLEDGE GOD IN ALL CREATION,SPIRITUAL
184, I LOVE GOD AND GOD LOVES ME,SPIRITUAL
185, I SURRENDER MY LIFE TO DIVINE WILL,SPIRITUAL
186, I FEEL THE DEEP PEACE OF GOD,SPIRITUAL
187, I ASK GOD'S ANGELS TO SURROUND ME WITH LIGHT,SPIRITUAL
188, I ALLOW GOD TO WORK THROUGH ME,SPIRITUAL
189, I AM OPEN AND RECEIVE GOD'S GUIDANCE,SPIRITUAL
190, I FEEL GOD IN MY HEART,SPIRITUAL
191, I SURRENDER INTO THE ARMS OF GOD,SPIRITUAL
192, GOD LIVES IN ME AND THROUGH ME,SPIRITUAL
193,I FIND MY OWN HAPPINESS NOW,HAPPY
194,I LET GO OF EVERYTHING I CAN’T CONTROL,HAPPY
195,I AM EXPERIENCING JOY AT THE HIGHEST VIBRATION.,HAPPY
196,I ACCEPT PEACE AND JOY IN ALL ASPECTS OF MY LIFE.,HAPPY
197,MY IDEAL LIFE IS CREATED BY MY CHOICE TO BE JOYFUL NOW.,HAPPY
198,FOLLOWING MY JOY REVEALS THE PATH TO MY BEST LIFE.,HAPPY
199,MY CHOICE TO BE HAPPY KEEPS ME IN PERFECT HEALTH.,HAPPY
200,JOYFUL DREAMS OF LOVE SURROUND ME EVERYWHERE.,HAPPY
201,I CREATE THE LIFE I DESIRE WITH MY GOOD FEELINGS.,HAPPY
202, EVERYTHING IS ALWAYS WORKING OUT WELL FOR ME.,HAPPY
203, WHEN I FEEL HAPPY I MANIFEST MORE REASONS TO BE HAPPY.,HAPPY
204, JOY IS THE ESSENCE OF MY BEING.,HAPPY
205, JOY IS A HEALING CHOICE AND I CHOOSE IT FOR MYSELF NOW.,HAPPY
206, I AM FRUITFUL AND I CREATE MORE LOVE AND JOY IN THE WORLD.,HAPPY
207, I AM ORGANIZED AND HAVE A HOME FULL OF JOY AND PEACE.,HAPPY
208, MY LIFE IS FULL OF JOY.,HAPPY
209, MY INNER JOY EXPANDS WHEN I SHARE IT WITH OTHERS.,HAPPY
210, I FIND HAPPINESS IN EACH MOMENT.,HAPPY
211, MY HAPPINESS IS REFLECTED BACK TO ME IN EVERYTHING I ATTRACT.,HAPPY
212, MY INNER JOY IS THE SOURCE OF ALL THE GOOD IN MY LIFE.,HAPPY
213, I EXPERIENCE JOY IN EVERYTHING I DO.,HAPPY
214," I AM LOVE, I AM ABUNDANCE, I AM JOY, I AM HAPPINESS. ",HAPPY
215, I WAKE UP EVERY NEW MORNING TO LOVE AND JOY.,HAPPY
216, I SMILE THROUGH MY BEAUTIFUL EYES.,HAPPY
217, I AM WILLING TO BE HAPPY NOW.,HAPPY
218, I ACCEPT THAT HAPPINESS IS MY TRUE NATURE.,HAPPY
219, I AM WORTHY OF FEELING HAPPY.,HAPPY
220, MY HAPPINESS COMES FROM WITHIN ME.,HAPPY
221, I ACCEPT EVERY PART OF MYSELF WITH UNCONDITIONAL LOVE.,HAPPY
222, I SEE SO MANY POSITIVES IN MY LIFE.,HAPPY
223, I AM CONSTANTLY CREATING EVERYTHING MY HEART DESIRES.,HAPPY
224, I EXPERIENCE JOY IN EVERYTHING I DO.,HAPPY
225, I FEEL HAPPY WITH MYSELF AS A PERSON.,HAPPY
226, I GIVE MYSELF PERMISSION TO ENJOY MYSELF.,HAPPY
227, I ALLOW MYSELF TO FEEL GOOD.,HAPPY
228, THE HAPPINESS I FEEL IS FELT BY EVERYONE AROUND ME.,HAPPY
229, I CREATE THE POSSIBILITY OF HAPPINESS FOR OTHERS BY BEING HAPPY.,HAPPY
230, I AM MEANT TO LIVE A HAPPY LIFE.,HAPPY
231,ALL MY PROSPECTS BRING ME ABUNDANT GOOD FORTUNE.,BLESSED
232,AMAZING COINCIDENCES COME INTO MY LIFE ON A REGULAR BASIS.,BLESSED
233,"AT EVERY TURN, OPPORTUNITY APPEARS BEFORE ME.",BLESSED
234,ENDLESS OPPORTUNITIES APPEAR IN MY LIFE.,BLESSED
235,EVERY DAY BRINGS ME ENDLESS JOY.,BLESSED
236,EVERY DAY I AM SURROUNDED BY AN ABUNDANCE OF OPPORTUNITIES.,BLESSED
237,EVERYTHING I DO BRINGS ME GREAT SUCCESS.,BLESSED
238,FANTASTIC NEW OPPORTUNITIES COME INTO MY LIFE EVERY DAY.,BLESSED
239,FANTASTIC OPPORTUNITIES GREET ME AT EVERY TURN.,BLESSED
240, GOOD NEWS VISITS ME REGULARLY.,BLESSED
241, GOOD THINGS KEEP ON HAPPENING TO ME.,BLESSED
242, GREAT THINGS KEEP BLESSING MY LIFE.,BLESSED
243, I AFFIRM ABUNDANT BLESSINGS AND MIRACLES THROUGHOUT MY DAY.,BLESSED
244, I AM A VACUUM FOR BENEFICIAL CIRCUMSTANCES.,BLESSED
245, I EXPECT GREAT THINGS TO HAPPEN EVERY DAY OF MY LIFE.,BLESSED
246, I EXPECT THE BEST AND I ALWAYS GET IT.,BLESSED
247, I EXPERIENCE GREAT BLESSINGS AND MIRACLES EVERY DAY.,BLESSED
248, I SEE ENDLESS OPPORTUNITIES BEFORE ME.,BLESSED
249, I WELCOME SERENDIPITY IN MY LIFE.,BLESSED
250, I AM CONSTANTLY OFFERED GREAT BUSINESS OPPORTUNITIES. ,BLESSED
251, I LIVE EACH AND EVERY DAY WITH UNLIMITED BLESSINGS AND MIRACLES.,BLESSED
252, MIRACLES BLESS MY LIFE EVERY DAY.,BLESSED
253, MY LIFE IS CONSTANTLY ATTRACTING BLESSINGS AND MIRACLES.,BLESSED
254, MY POSITIVE MINDSET ENSURES THAT I AM ALWAYS BLESSED.,BLESSED
255, MY RUN OF BLESSINGS AND MIRACLES IS ENDLESS. ,BLESSED
256, SERENDIPITY IS MY CONSTANT COMPANION.,BLESSED
257, TERRIFIC OPPORTUNITIES COME TO ME EVERY DAY.,BLESSED
258," THE SMARTER I WORK, THE MORE BLESSED I AM. ",BLESSED
259, THINGS HAVE A MARVELOUS WAY OF ALWAYS WORKING OUT FOR ME.,BLESSED
260, THINGS HAVE AN AMAZING WAY OF ALWAYS WORKING IN MY FAVOR.,BLESSED
261, TODAY I BLESS MY BEING WITH LIMITLESS GOOD FORTUNE. ,BLESSED
262, TODAY I WELCOME ABUNDANT GOOD LUCK INTO MY LIFE. ,BLESSED
263," WITH EVERY BREATH I TAKE, I AM BRINGING MORE BLESSINGS INTO MY LIFE.",BLESSED
264, POSITIVE THINGS ALWAYS HAPPEN TO ME.,BLESSED
265, I ALWAYS THINK POSITIVELY. ,BLESSED
266, MY SINCERE GRATITUDE ATTRACTSMORE THINGS TO BE THANKFUL FOR. ,BLESSED
267, NEW AND EXCITING OPPORTUNITIES ARE ALWAYS COMING MY WAY. ,BLESSED
268, MY THOUGHTS ARE POWERFUL AND CONSTRUCTIVE. ,BLESSED
269," I ATTRACT GOOD FORTUNE, WEALTH AND PROSPERITY.",BLESSED
270, I ATTRACT GREAT AND HELPFUL FRIENDS.,BLESSED
271, I MAKE FRIENDS WITH SUCCESSFUL PEOPLE.,BLESSED
272, I CULTIVATE A NETWORK OF SUCCESSFUL FRIENDS.,BLESSED
273, I GIVE GENEROUSLY TO OTHERS. ,BLESSED
274, I AM BLESSED IN EVERY ASPECT OF MY LIFE.,BLESSED
275, I ATTRACT SUCCESSFUL PEOPLE WHO GENEROUSLY SHARE WITH ME.,BLESSED
276, I AM CONSTANTLY OFFERED GREAT JOBS.,BLESSED
277, I ATTRACT ALL MANNER OF GOOD THINGS TO ME. ,BLESSED
278, I AM A FORTUNATE AND BLESSED PERSON.,BLESSED
279, I EXPECT THE BEST AND I GET IT.,BLESSED
280, WHATEVER IS GOOD FOR ME IS COMING TO ME EASILY AND EFFORTLESSLY. ,BLESSED
281, I ALWAYS GET EVERYTHING THAT IS FOR MY HIGHEST GOOD. ,BLESSED
282, LIFE ALWAYS GIVES ME WHAT IS BEST FOR ME. ,BLESSED
283, I DESERVE THE BEST AND IT COMES TO ME AT THE RIGHT TIME. ,BLESSED
284, I ATTRACT MY GREATEST GOOD NOW. ,BLESSED
285, MY HIGHEST GOOD IS MANIFESTING IN MY LIFE RIGHT NOW. ,BLESSED
286, I ATTRACT WONDERFUL EXPERIENCES. ,BLESSED
287, I FEEL GREAT JOY AND HAPPINESS.,BLESSED
288, MIRACLES MANIFEST EVERY DAY IN WONDROUS WAYS. ,BLESSED
289, I AM SO HAPPY AND GRATEFUL THAT I AM A MAGNET FOR MIRACLES. ,BLESSED
290, MY LIFE IS PROPELLED BY A VISION TO MAKE THE WORLD A BETTER PLACE. ,BLESSED
291, I AM EXTREMELY LUCKY IN EVERY AREA OF MY LIFE. ,BLESSED
292," I CHOOSE TO BEHOLD A WORLD OF ABUNDANCE, JOY, AND ENDLESS GIVING. ",BLESSED
293, I DESERVE MIRACLES. ,BLESSED
294," I EXPERIENCE EASE, JOY, AND LIGHTNESS. ",BLESSED
295, I CELEBRATE THE MIRACLE OF LIFE EVERY DAY. ,BLESSED
296, I AM BLESSED WITH PERFECT HEALTH. ,BLESSED
297, MIRACLES ARE A NATURAL PART OF LIVING AND GIVING. ,BLESSED
298, MY AWARENESS OF MY WHOLENESS ATTRACTS ABUNDANCE INTO MY LIFE. ,BLESSED
299, EVERYTHING MIRACULOUS IS RESTORED TO ME NOW. ,BLESSED
300, MY LOVING THOUGHTS GIVE ME ALL THAT I WANT. ,BLESSED
301, THE BRILLIANT LIGHT WITHIN ME DISPELS ALL LACK IN MY LIFE. ,BLESSED
302, I AM EXPERIENCING WONDERFUL MIRACLES OF LOVE AND FRIENDSHIP. ,BLESSED
303, TODAY IS FULL OF MIRACLES. ,BLESSED
304, GREAT RELATIONSHIPS COME TO ME. ,BLESSED
305, DIVINE HEALTH IS MINE. ,BLESSED
306, I AM DIVINELY GUIDED IN ALL THAT I DO. ,BLESSED
307, MY THOUGHTS AND ACTIONS ARE EMPOWERED WITH SUPERNATURAL LUCK. ,BLESSED
308, MIRACLES NOW FOLLOW MIRACLES AND GOD'S BLESSINGS NEVER CEASE.,BLESSED
309,ALL THE CELLS OF MY BODY ARE REJUVENATED AND RESTORED WHILE I SLEEP.,RELAXED
310,"AS I GO TO SLEEP, I GIVE THANKS FOR ANOTHER FANTASTIC DAY.",RELAXED
311,"AS I LAY DOWN TO SLEEP, A BEAUTIFUL SENSE OF DEEP RELAXATION FILLS MY BODY.",RELAXED
312,"AS I PREPARE TO FALL ASLEEP, I RELAX IN KNOWING THAT MY MIND IS AT PEACE.",RELAXED
313,"AS SOON AS MY HEAD FINDS THE PILLOW, I AM OFF INTO A RESTFUL SLEEP.",RELAXED
314,EVERY NIGHT I RELAX THROUGH MEDITATION AND FALL DEEPLY AND SOUNDLY ASLEEP.,RELAXED
315,"FALLING ASLEEP IS EASY FOR ME, I JUST TURN OFF THE LIGHT AND DRIFT AWAY.",RELAXED
316,I ALWAYS AWAKEN RESTED AND ENERGIZED.,RELAXED
317,I ALWAYS FALL ASLEEP QUICKLY.,RELAXED
318, I ALWAYS GET A GOOD NIGHT’S SLEEP AND WAKE UP REFRESHED EVERY MORNING.,RELAXED
319, I ALWAYS GET THE SLEEP I NEED.,RELAXED
320," I ALWAYS SLEEP SOUNDLY, NO MATTER WHERE I AM. ",RELAXED
321, I ALWAYS SLEEP WELL.,RELAXED
322, I ALWAYS THINK HAPPY THOUGHTS AS I AM FALLING ASLEEP.,RELAXED
323, I AM ABLE TO FALL ASLEEP IN MINUTES.,RELAXED
324, I AM AN EARLY RISER.,RELAXED
325, I AM A DEEP SLEEPER. ,RELAXED
326, I AWAKE EACH MORNING RELAXED AND REFRESHED.,RELAXED
327, I CAN EASILY SLEEP ANYWHERE I AM.,RELAXED
328, I DRIFT OFF TO PEACEFUL SLEEP WITH GREAT EASE.,RELAXED
329, I DRIFT OFF TO SLEEP VERY QUICKLY.,RELAXED
330, I FALL ASLEEP VERY FAST.,RELAXED
331, I GIVE MY BODY ALL THE REST IT NEEDS.,RELAXED
332, I HAPPILY ALLOW MYSELF TO FALL INTO A DEEP AND SATISFYING SLEEP.,RELAXED
333, I HAPPILY GIVE MY BODY ALL THE REST IT NEEDS.,RELAXED
334, I KNOW EXACTLY HOW MUCH SLEEP MY BODY NEEDS TO PERFORM PERFECTLY.,RELAXED
335, I LET MY BODY REST WHENEVER IT NEEDS IT.,RELAXED
336, I LOOK AFTER MYSELF SO WELL THAT I REQUIRE VERY LITTLE SLEEP.,RELAXED
337, I LOVE WAKING UP EARLY EVERY DAY.,RELAXED
338, I MAKE SURE THAT I GET AS MUCH SLEEP AS MY BODY NEEDS.,RELAXED
339, I NEED VERY LITTLE SLEEP BECAUSE I LOOK AFTER MYSELF WHEN AWAKE.,RELAXED
340, I ONLY TAKE AS MUCH SLEEP AS MY BODY REQUIRES TO MAINTAIN ITSELF.,RELAXED
341, I SLEEP EASILY AND PEACEFULLY EVERY NIGHT.,RELAXED
342, I SLEEP IN PEACE AND AWAKE INVIGORATED.,RELAXED
343, I SLEEP IN TRANQUILITY AND AWAKEN REVIVED.,RELAXED
344, I SLEEP SOUNDLY AND PEACEFULLY.,RELAXED
345, I WAKE UP EACH MORNING REFRESHED AND TRANSFORMED.,RELAXED
346, I WAKE UP EARLY EVERY DAY AND FEEL REFRESHED AND ALIVE.,RELAXED
347," I WAKE UP EASILY, WITHOUT AN ALARM CLOCK.",RELAXED
348, I WAKE UP EVERY MORNING FEELING REFRESHED AND RENEWED.,RELAXED
349, MY BED IS COMFORTABLE AND MY SLEEP IS RESTORING.,RELAXED
350, MY BEDROOM IS A SANCTUARY FOR SLEEP.,RELAXED
351, MY BODY RE-ENERGIZES ITSELF WHILE I AM ASLEEP.,RELAXED
352, MY DREAMS ARE ALWAYS POSITIVE.,RELAXED
353, MY DREAMS ARE ALWAYS UPLIFTING.,RELAXED
354, MY DREAMS ARE INTUITIVE AND ENLIGHTENING.,RELAXED
355, MY SLEEP IS ALWAYS RESTFUL. ,RELAXED
356, MY SLEEP IS RESTFUL AND I AWAKE FEELING REJUVENATED.,RELAXED
357, SIMPLE RELAXATION IS ALL I NEED TO DO TO FALL ASLEEP EASILY.,RELAXED
358, SIX HOURS SLEEP IS ALL I NEED TO FEEL REFRESHED AND ALERT THE NEXT DAY.,RELAXED
359, SIX HOURS SLEEP IS ALL I NEED TO MAINTAIN PERFECT HEALTH AND FOCUS.,RELAXED
360," THE MORE I RELAX, THE MORE SLEEPY I FEEL.",RELAXED
361," WHEN I AWAKE, I AM FILLED WITH OPTIMISM AND POSITIVE WELL-BEING.",RELAXED
362," WHEN I AWAKE, I AM FULL OF ENERGY AND ENTHUSIASM.",RELAXED
363," WHEN I AWAKE, I FEEL REJUVENATED AND INVIGORATED.",RELAXED
364," WHEN I GO TO BED, I ALLOW MY MIND TO RELEASE ALL NEGATIVE EMOTIONS.",RELAXED
365," WHEN I GO TO BED, I FALL ASLEEP EASILY.",RELAXED
366," WHEN I GO TO BED, I LET MY MIND AND BODY BECOME COMPLETELY RELAXED.",RELAXED
367," WHEN I LAY DOWN TO SLEEP, I GIVE THANKS FOR ANOTHER AMAZING DAY.",RELAXED
368," WHEN I LAY DOWN TO SLEEP, I REFLECT ON ALL THE GOOD THINGS IN MY LIFE.",RELAXED
369," WHEN I LAY DOWN TO SLEEP, I THINK OF ALL THE POSITIVE THINGS I DID TODAY.",RELAXED
370," WHEN I SLEEP, MY BODY IS HEALED, RESTORED AND FILLED WITH ENERGY.",RELAXED
371," WHILE I SLEEP, MY BODY REPAIRS AND REBUILDS ITSELF.",RELAXED
372," WHILE I SLEEP, MY BODY REBUILDS AND REGENERATES ITSELF WITH EASE.",RELAXED
